{
  "module_names": [
    {
      "branches": 4,
      "branches_missing": 1,
      "branches_partial": 1,
      "coverage": 98.61111111111111,
      "lines": [
        1,
        2,
        4,
        7,
        14,
        15,
        17,
        18,
        19,
        20,
        21,
        22,
        29,
        30,
        31,
        33,
        35,
        36,
        37,
        38,
        39,
        40,
        41,
        42,
        43,
        45,
        46,
        47,
        48,
        49,
        50,
        51,
        52,
        53,
        54,
        55,
        56,
        57,
        59,
        60,
        61,
        62,
        63,
        64,
        65,
        66,
        67,
        68,
        70,
        72,
        73,
        74,
        75,
        76,
        77,
        78,
        79,
        80,
        81,
        82,
        83,
        85,
        86,
        87,
        88,
        89,
        90,
        91,
        92,
        93,
        95,
        96
      ],
      "lines_not_covered": [
        96
      ],
      "module": "app",
      "sum_lines": 72,
      "sum_lines_not_covered": 1
    },
    {
      "branches": 0,
      "branches_missing": 0,
      "branches_partial": 0,
      "coverage": 100,
      "lines": [],
      "lines_not_covered": [],
      "module": "",
      "sum_lines": 0,
      "sum_lines_not_covered": 0
    }
  ],
  "overall_branch_coverage": 75.0,
  "overall_branch_partial_coverage": 75.0,
  "overall_coverage": 98.61111111111111
}